"Reference","Qty","Value","DNP","Exclude from BOM","Exclude from Board","Footprint","Datasheet"
"H1,H2,H3,H4","4","MountingHole","","Excluded from BOM","","MountingHole:MountingHole_2.2mm_M2","~"
"J1,J2","2","Conn_01x20_Socket","","","","Connector_PinHeader_1.00mm:PinHeader_1x20_P1.00mm_Vertical","~"
"J3","1","Conn_01x04_Socket","","","","Connector_PinHeader_1.00mm:PinHeader_1x04_P1.00mm_Vertical","~"
"J4","1","Conn_01x06_Socket","","","","Connector_PinHeader_1.00mm:PinHeader_1x06_P1.00mm_Vertical","~"
"J5,J6,J7,J8","4","Screw_Terminal_01x02","","","","00-footprint-library:CONN_OSTVN02A150_OST","~"
"LS1","1","TMB12A05","","","","00-footprint-library:TMB12A05","https://datasheet.lcsc.com/szlcsc/Jiangsu-Huaneng-Elec-TMB12A05_C96093.pdf"
"Q1","1","NMOS","","","","Package_TO_SOT_SMD:SOT-23-3","https://ngspice.sourceforge.io/docs/ngspice-html-manual/manual.xhtml#cha_MOSFETs"
"R1,R2,R3,R4,R5,R6,R7,R8","8","10k","","","","Resistor_SMD:R_0201_0603Metric_Pad0.64x0.40mm_HandSolder","~"
"R9","1","1k","","","","Resistor_SMD:R_0201_0603Metric_Pad0.64x0.40mm_HandSolder","~"
